customer_id,name,email,phone_no,location
1,Anay Shanker,mamootyboase@hotmail.com,918196001338,Kishanganj
2,Saanvi Sachar,aliaraja@yahoo.com,912654235116,Secunderabad
3,Lavanya Deo,hloyal@baral-majumdar.com,9593103413,Nadiad
4,Amani Ravi,tushargoel@gmail.com,4192832764,Anantapur
5,Manikya Tara,yakshit41@mander.com,917672423884,Ballia
6,Taran Choudhary,wbath@vasa.com,2691669784,Raipur
7,Tiya Rege,dinadira@gmail.com,482814893,Dindigul
8,Hrishita Sood,ayesha01@vyas-thakur.com,910391171822,Jamalpur
9,Prerak Lalla,hrishitashroff@hotmail.com,3465787133,Sonipat
10,Khushi Malhotra,aarushbanik@raval.com,915183473829,Latur
11,Zara Jani,bavanirvi@goel-kakar.biz,106513338,Kolhapur
12,Jivin Dewan,dhanukkant@hotmail.com,910801326773,Allahabad
13,Vaibhav Agarwal,vardaniya74@yahoo.com,8723430980,Howrah
14,Keya Khare,kumardhanush@banerjee.com,3619399091,Ballia
15,Pranay Chaudry,prerakhora@gmail.com,4751079911,Guna
16,Hansh Ghosh,tushardhar@kanda.com,8084124118,Darbhanga
17,Lavanya Cheema,piyaravel@yahoo.com,7401640052,Nanded
18,Ishita Sastry,bhalladhanuk@hotmail.com,918059826204,Thane
19,Lakshay Sanghvi,goelvanya@wagle.org,2322602563,Kozhikode
20,Vaibhav Viswanathan,mchoudhry@gill-dua.com,910365414586,Bhopal
21,Pranay Chakraborty,bhagatkimaya@yahoo.com,5698169340,Mumbai
22,Tejas Kale,misha51@yogi.com,6564823662,Machilipatnam
23,Romil Dhar,lsrivastava@sagar.info,3872148951,Tirupati
24,Zara Chaudhary,bajajnirvaan@ramaswamy-varghese.com,6936763201,Muzaffarnagar
25,Zaina Sarin,mallicknishith@gmail.com,2788957986,Kozhikode
26,Alisha Dayal,tiya87@dar.com,4345581223,Jamnagar
27,Chirag Johal,hrishita76@gmail.com,916690967054,Gurgaon
28,Aradhya Choudhary,bkibe@yahoo.com,6272980699,Gwalior
29,Himmat Verma,badalde@yahoo.com,3755646417,Panvel
30,Stuvan Choudhury,shroffaniruddh@chaudhry.org,913271937452,Ujjain
31,Emir Mann,kashvi66@chaudhary.com,914919058651,Ahmedabad
32,Ayesha Bera,myra72@yahoo.com,918498776945,Chandigarh
33,Alisha Dara,bganguly@yahoo.com,2735454948,Hazaribagh
34,Dharmajan Dara,wmall@gmail.com,7770143634,Bhalswa Jahangir Pur
35,Aarna Sharma,rati74@yahoo.com,3135182337,Giridih
36,Divyansh Thaman,manikya52@amble-sathe.net,914008427109,Nandyal
37,Advika Garde,dateanvi@tara.biz,1902294131,Medininagar
38,Urvi Lal,tkant@hotmail.com,4990913341,Mathura
39,Ishita Barad,jayaramanalisha@rajan.com,914471349361,Jalgaon
40,Hridaan Banik,vritikadube@shere.com,1746488771,Bhiwani
41,Lavanya Dass,contractorpari@raj.com,278742967,Nandyal
42,Yuvraj  Ganesan,varugheseishaan@yahoo.com,7468071545,Sambhal
43,Nirvi Virk,mbala@hotmail.com,9770348247,Bhilai
44,Mohanlal Ramanathan,sahilmajumdar@majumdar.com,911712748467,Latur
45,Ishita Bora,kismatkumar@hotmail.com,911465840449,Jalgaon
46,Heer Khurana,ishita86@yahoo.com,3396360576,Saharanpur
47,Armaan Bhatnagar,vohraadvika@gmail.com,7026217459,Jodhpur
48,Pari Varughese,mishti78@gmail.com,1343161172,Bhopal
49,Shaan Sunder,taimur56@das.biz,2221969379,Ahmednagar
50,Navya Datta,nitya07@yahoo.com,8217594647,Davanagere
51,Anya Bera,wmangal@divan.com,6409097439,Muzaffarnagar
52,Miraya Dass,zachariamishti@bahri.info,919521456232,Bettiah
53,Ivan Dave,siya51@yahoo.com,912368516048,Malda
54,Pari Shere,otata@yahoo.com,913709859317,Alappuzha
55,Hiran Bajaj,bhamini11@wali.com,7586926179,Parbhani
56,Prisha Goyal,pkapadia@bawa-sankar.com,5064317139,Dhanbad
57,Nirvaan Bhatnagar,thakkartarini@chawla.com,2904228421,Mira-Bhayandar
58,Taimur Subramanian,advik24@bhatnagar.biz,1177589178,Srikakulam
59,Samiha Srinivasan,brout@gmail.com,6617711592,Cuttack
60,Misha Ravel,hraju@yahoo.com,8961183673,Sonipat
61,Yakshit Johal,aaryahi54@bose-sankar.info,911116152809,Bhilai
62,Sumer Vohra,dhawankismat@yahoo.com,1983273158,Raipur
63,Kaira Chowdhury,ramanathannirvi@hotmail.com,244550229,Coimbatore
64,Seher Ravel,shenoyeva@guha.info,2545991022,Jodhpur
65,Ahana  Sahota,craman@yahoo.com,3815614978,Ranchi
66,Vivaan Ram,chaudryromil@sinha.com,5107622683,Madurai
67,Seher Bail,karpedhanuk@yahoo.com,6966416052,Mirzapur
68,Adira Uppal,adiraraja@lala-baral.biz,5352181883,Etawah
69,Miraan Behl,kiaan29@sidhu.com,917799799552,Jabalpur
70,Ahana  Raval,kiara05@hotmail.com,914770054119,Surendranagar Dudhrej
71,Alisha Tailor,lavanya78@balasubramanian.com,1820377889,Bharatpur
72,Raunak Hari,parinaaz90@hotmail.com,5151864492,Jodhpur
73,Stuvan Dubey,kimayasathe@gmail.com,8652816850,Tirupati
74,Lakshit Garde,mamootybiswas@gmail.com,914188805929,Jamnagar
75,Jivin Thakur,abains@sandhu-sem.com,9473834735,Surendranagar Dudhrej
76,Vanya Halder,krishsuresh@hotmail.com,914075818141,Darbhanga
77,Drishya Borah,choudhryalisha@yahoo.com,916068536153,Imphal
78,Riya Sachar,hiranbahl@yahoo.com,2779010432,Bhubaneswar
79,Miraan Dora,daraaina@sundaram.com,917980893246,Srikakulam
80,Nakul Mangal,nityasami@gmail.com,5188888067,Munger
81,Ojas Shenoy,vedika15@sha.com,5205852772,Rajkot
82,Armaan Din,sulekrish@dugar.net,8740345054,Arrah
83,Yakshit Sharaf,lgara@yahoo.com,7584161692,Pondicherry
84,Dhanush Gade,alia96@gmail.com,7570596401,Bharatpur
85,Aniruddh Bora,bhatnagardarshit@gmail.com,5569092755,Solapur
86,Eva Goswami,nehmat43@gmail.com,912786814473,Pallavaram
87,Gatik Bir,tchadha@bassi-tailor.com,5188442258,Bhilai
88,Vritika Boase,xarya@mangat.net,919114678669,Cuttack
89,Nayantara Bansal,hsangha@yahoo.com,918922680182,Dehradun
90,Samarth Savant,ela41@chaudhari-ravi.net,2498182992,Mahbubnagar
91,Jivika Bail,bajajnayantara@deo.org,9078447364,Srinagar
92,Indranil Kannan,nkata@yahoo.com,2555625881,New Delhi
93,Gatik Deol,hridaanbava@gmail.com,6963259532,Kottayam
94,Charvi Wable,fapte@yahoo.com,7339500479,Baranagar
95,Emir Kale,samiha56@bajaj-iyer.com,8358416878,Phagwara
96,Gokul Bava,yashvi58@yahoo.com,913986800025,Kadapa
97,Indrajit Raman,manjari52@randhawa-shankar.com,5888794705,Bhubaneswar
98,Keya Dube,pdeo@mani.com,7289623091,Surat
99,Saksham Kadakia,nsant@krishna-soman.org,283857865,Jaunpur
100,Inaaya  Goel,pchar@yahoo.com,4344375758,Tumkur
101,Kaira Sandhu,wtank@gmail.com,415747338,Kishanganj
102,Hiran Bhagat,badalsami@chowdhury.com,916571208267,Kollam
103,Samarth Dhar,sachdevkaira@loke.com,916206724004,Thanjavur
104,Amani Rege,dishanikaur@yahoo.com,911527420549,Akola
105,Aaryahi Kurian,iyeroorja@gmail.com,912753046374,Barasat
106,Pranay Sachdeva,bijusama@gmail.com,4268414593,Guntur
107,Indrans Karan,jsarna@yahoo.com,3391878519,Ghaziabad
108,Kaira Loyal,shaanvarma@kant.com,9718707286,Phusro
109,Jhanvi Kashyap,horaonkar@gmail.com,3910651801,Patna
110,Yuvraj  Chana,ygrover@virk-gulati.biz,918251286823,Lucknow
111,Anahi Samra,otata@gmail.com,5243106903,Jabalpur
112,Kimaya Badal,dasseher@gmail.com,7383028439,Gangtok
113,Miraan Dora,zaindoctor@balasubramanian-mallick.org,2687056856,Jalgaon
114,Uthkarsh Chanda,mamootydoctor@hotmail.com,917086688263,Kurnool
115,Neelofar Baral,divij83@gmail.com,6990139837,Thoothukudi
116,Abram Cherian,shenoytanya@dara-sarin.org,3638546785,Bhilwara
117,Drishya Wadhwa,zbawa@hotmail.com,5355609320,Begusarai
118,Ritvik Bose,manikya69@krish.com,7772522872,Loni
119,Dhanuk Taneja,jhaverihiran@dalia.com,913875099770,Katihar
120,Abram Anand,advik86@gmail.com,911823398454,Vijayawada
121,Yuvaan Karpe,rohansani@sachdeva.com,916668700217,Bathinda
122,Eva Bail,raniawali@khanna.com,4890250392,Solapur
123,Ishaan Manda,isandhu@handa-shroff.com,1850163159,Khammam
124,Myra Deshpande,wcomar@hotmail.com,6296194311,Jamnagar
125,Riya Srinivasan,xdutt@bath.com,5412126788,Kota
126,Dhruv Goel,veer04@hari-sood.com,8398262244,Kumbakonam
127,Chirag Chacko,aaina47@gmail.com,4379937124,Tenali
128,Miraya Gupta,bganesh@hotmail.com,2459375265,Pallavaram
129,Shaan Guha,hgopal@hotmail.com,919828073741,Panchkula
130,Myra Doshi,nirvi26@bansal-kapur.org,9688680589,Moradabad
131,Nirvi Salvi,neelofarramesh@gmail.com,6561014388,Amroha
132,Vihaan Kata,anay71@johal-basak.com,2545738757,Bahraich
133,Samar Bandi,tailorrhea@gmail.com,915123828258,Surendranagar Dudhrej
134,Yasmin Jain,navyasaha@hora-atwal.org,917966033419,Jorhat
135,Tejas Gaba,qbhandari@venkataraman.com,6969155792,Srikakulam
136,Pari Bhavsar,darryan@gmail.com,915286692966,Morbi
137,Ivana Chacko,hiran25@yahoo.com,507236887,Pallavaram
138,Rhea Trivedi,fchacko@hotmail.com,913404384279,Jamalpur
139,Kaira Bhandari,hrishita07@hotmail.com,916134074517,Patiala
140,Zoya Shan,nbutala@gmail.com,913095849825,Ramagundam
141,Drishya Yogi,suhanasrivastava@balan-devi.com,2325367294,Gandhinagar
142,Dhanuk Ravel,vkurian@saran-vyas.com,7590175186,Haldia
143,Bhamini Desai,shayak89@gmail.com,7500170127,Mumbai
144,Krish Sankaran,indranil41@gole.com,2064361103,Solapur
145,Kiara Chowdhury,agrawalrasha@yahoo.com,916271361115,Dewas
146,Vaibhav Soman,darshitlanka@agrawal.com,5326973112,Giridih
147,Stuvan Kala,nishithdevi@hotmail.com,913899940438,Katni
148,Neelofar Bala,hhans@krish.org,918055269658,Chittoor
149,Advik Raj,deepmadhav@balan.net,8666188924,Tirupati
150,Diya Chaudry,vihaan91@sarkar-kamdar.com,913161799042,Ahmedabad
151,Rati Ahluwalia,hghose@srinivas.com,915241056481,Gangtok
152,Charvi Kari,krishjiya@gmail.com,2419138000,Ranchi
153,Tejas Handa,armaanmalhotra@shanker.com,3654195180,Rajahmundry
154,Yakshit Banerjee,urvi45@gmail.com,7053494937,Gudivada
155,Trisha Soni,indrajitaggarwal@arora-dada.net,506413836,Allahabad
156,Riya Dey,daliaelakshi@sarma-wason.com,1918261990,Bikaner
157,Riaan De,vsarma@yahoo.com,7431329121,Hospet
158,Saksham Jani,trisha37@kata-deo.com,912490352135,Anand
159,Parinaaz Doctor,aniruddhjain@yahoo.com,8317121003,Davanagere
160,Umang Sankar,dhanuk01@zacharia.info,911510702966,Ludhiana
161,Pihu Kala,lakshit24@kapoor-wagle.com,919993476870,Parbhani
162,Hiran Kadakia,mohanlalsuresh@sundaram.com,8759856420,Kavali
163,Aniruddh Wason,tailoranaya@hotmail.com,9321334803,Raichur
165,Akarsh Lall,gandhimannat@gmail.com,915250029218,Srinagar
166,Renee Saini,gangulyromil@yahoo.com,912675289539,Burhanpur
167,Sana Sankaran,jayeshsethi@gmail.com,9690295939,Mehsana
168,Shalv Sharma,shraydutta@ravi.com,433154100,Bahraich
169,Ivan Wagle,ywadhwa@yahoo.com,6179327104,Imphal
170,Ehsaan Bansal,uthkarshbuch@hotmail.com,918159970629,Sangli-Miraj & Kupwad
171,Divyansh Gandhi,yuvraj-sarin@sen.com,4431069872,Karimnagar
172,Aaryahi Bassi,gchaudhry@gmail.com,912417146774,Tinsukia
173,Kabir Goyal,kabir70@yahoo.com,7434902115,Giridih
174,Ishita Balasubramanian,rloyal@yahoo.com,3741608989,Jamshedpur
175,Jayant Chacko,gokulbail@baral-sanghvi.biz,912945116868,Bally
176,Abram Srivastava,johalindrajit@gmail.com,9911914856,Yamunanagar
177,Kaira Ramanathan,chadharaghav@yahoo.com,919960653074,Jaipur
178,Yashvi Doshi,ayesha13@gmail.com,7546913736,Hazaribagh
179,Bhavin Kurian,dugalrhea@jaggi.net,233030705,Panipat
180,Anahi Krishnan,sanghaaniruddh@gmail.com,7972798552,Mysore
181,Aniruddh Hans,kairasridhar@varty.com,3468007229,Rajahmundry
182,Mahika Swaminathan,aarna65@yahoo.com,3748969108,Kishanganj
183,Rohan Sani,vbalay@reddy-gaba.com,4328309652,Mehsana
184,Pranay Kadakia,cshan@hotmail.com,9353875842,Durg
185,Anaya Bhatt,pihuyogi@yahoo.com,1353465549,Madhyamgram
186,Anaya Bala,mwalia@bhasin.biz,4602235697,Satna
187,Vanya Baria,mohanlal25@hotmail.com,910743292712,Haldia
188,Aaryahi Khare,bahlhazel@gmail.com,5058300335,Bikaner
189,Veer Krishnamurthy,chiragtata@gmail.com,4789856257,Maheshtala
190,Zoya Jaggi,mamootyseth@cherian.com,8215064890,Moradabad
191,Badal Sant,ykapadia@mahal.info,2304618499,Gurgaon
192,Diya Sem,farhan17@ramanathan.com,3564208737,Noida
193,Abram Sampath,tiwarikaira@koshy.net,911437447012,Ramagundam
194,Zaina Sandhu,hshankar@gmail.com,910225579415,South Dumdum
195,Yakshit Iyengar,veer76@hotmail.com,911202169797,Phagwara
196,Vanya Gola,anyakohli@wali.info,911450899358,Bhiwani
197,Anya Ghose,ivanawalla@hotmail.com,910287721753,Alwar
198,Dishani Choudhury,ptaneja@gmail.com,7971775170,Sambhal
199,Armaan Mallick,sulelavanya@ray.net,3755037589,Bharatpur
200,Farhan Bava,gardesumer@sura.net,1027261493,Jamshedpur
201,TestCustomer0,test0@example.com,9000000000,Bhilai
202,TestCustomer1,test1@example.com,9000000001,Davanagere
203,TestCustomer2,test2@example.com,9000000002,Jamnagar
204,TestCustomer3,test3@example.com,9000000003,Tirupati
205,TestCustomer4,test4@example.com,9000000004,Sambhal
206,TestCustomer5,test5@example.com,9000000005,Surendranagar Dudhrej
207,TestCustomer6,test6@example.com,9000000006,Solapur
208,TestCustomer7,test7@example.com,9000000007,Sambhal
209,TestCustomer8,test8@example.com,9000000008,Srikakulam
210,TestCustomer9,test9@example.com,9000000009,Bharatpur
211,TestCustomer10,test10@example.com,9000000010,Sambhal
212,TestCustomer11,test11@example.com,9000000011,Bharatpur
213,TestCustomer12,test12@example.com,9000000012,Tirupati
214,TestCustomer13,test13@example.com,9000000013,Sambhal
215,TestCustomer14,test14@example.com,9000000014,Jamnagar
216,TestCustomer15,test15@example.com,9000000015,Tirupati
217,TestCustomer16,test16@example.com,9000000016,Solapur
218,TestCustomer17,test17@example.com,9000000017,Sambhal
219,TestCustomer18,test18@example.com,9000000018,Jamnagar
220,TestCustomer19,test19@example.com,9000000019,Jodhpur
221,TestCustomer20,test20@example.com,9000000020,Jodhpur
222,TestCustomer21,test21@example.com,9000000021,Mehsana
223,TestCustomer22,test22@example.com,9000000022,Bharatpur
224,TestCustomer23,test23@example.com,9000000023,Giridih
225,TestCustomer24,test24@example.com,9000000024,Phagwara
226,TestCustomer25,test25@example.com,9000000025,Sambhal
227,TestCustomer26,test26@example.com,9000000026,Tirupati
228,TestCustomer27,test27@example.com,9000000027,Solapur
229,TestCustomer28,test28@example.com,9000000028,Gangtok
230,TestCustomer29,test29@example.com,9000000029,Pallavaram
231,TestCustomer30,test30@example.com,9000000030,Tirupati
232,TestCustomer31,test31@example.com,9000000031,Srikakulam
233,TestCustomer32,test32@example.com,9000000032,Solapur
234,TestCustomer33,test33@example.com,9000000033,Jalgaon
235,TestCustomer34,test34@example.com,9000000034,Bhiwani
236,TestCustomer35,test35@example.com,9000000035,Jamshedpur
237,TestCustomer36,test36@example.com,9000000036,Pallavaram
238,TestCustomer37,test37@example.com,9000000037,Jalgaon
239,TestCustomer38,test38@example.com,9000000038,Jamshedpur
240,TestCustomer39,test39@example.com,9000000039,Giridih
241,TestCustomer40,test40@example.com,9000000040,Jamnagar
242,TestCustomer41,test41@example.com,9000000041,Sambhal
243,TestCustomer42,test42@example.com,9000000042,Jamshedpur
244,TestCustomer43,test43@example.com,9000000043,Jodhpur
245,TestCustomer44,test44@example.com,9000000044,Jalgaon
246,TestCustomer45,test45@example.com,9000000045,Jamshedpur
247,TestCustomer46,test46@example.com,9000000046,Pallavaram
248,TestCustomer47,test47@example.com,9000000047,Jalgaon
249,TestCustomer48,test48@example.com,9000000048,Bikaner
250,TestCustomer49,test49@example.com,9000000049,Gangtok
